email from TradeMe,FAQ_Receive_Email_Trademe
email from Trade Me,FAQ_Receive_Email_Trademe
I don't want receive email from Trade Me,FAQ_Receive_Email_Trademe
Why am I receiving emails from Trade Me?,FAQ_Receive_Email_Trademe
I don't have a Trade Me account,FAQ_Trademe_Account
I don't have a TradeMe account,FAQ_Trademe_Account
no Trade Me account,FAQ_Trademe_Account
no Trademe account,FAQ_Trademe_Account
What if I don’t have a Trade Me account?,FAQ_Trademe_Account
What if I don’t have a TradeMe account?,FAQ_Trademe_Account
difference between online auctions and Turners liv...,FAQ_Online_Vs_TurnerAuction
online auctions and Turners live,FAQ_Online_Vs_TurnerAuction
online auctions vs Turners live,FAQ_Online_Vs_TurnerAuction
What’s the difference between online auctions and ...,FAQ_Online_Vs_TurnerAuction
How do I place an autobid?,FAQ_Place_Autobid
how to place autobid,FAQ_Place_Autobid
show me how outbid works,FAQ_Place_Autobid
apply for finance,FAQ_Apply_Finance
How do I apply for finance?,FAQ_Apply_Finance
how to apply for finance,FAQ_Apply_Finance
instruction apply for finance,FAQ_Apply_Finance
bid on Auctions,FAQ_Bid_Auction
how can I bid,FAQ_Bid_Auction
How can I bid on Turners Online Auctions?,FAQ_Bid_Auction
how to bid,FAQ_Bid_Auction
show me how to bid,FAQ_Bid_Auction
show me payment options,FAQ_Payment_Options
what are payment options,FAQ_Payment_Options
What payment options are there?,FAQ_Payment_Options
Why do I need to link my Turners account to Trade ...,FAQ_Link_Trademe
why link to Trade Me,FAQ_Link_Trademe
why link Turners account to Trade Me,FAQ_Link_Trademe
bid on Trade Me auctions,FAQ_Bid_Trademe
How can I bid on Turners Trade Me auctions?,FAQ_Bid_Trademe
How to bid on Trade Me auctions,FAQ_Bid_Trademe
show me shipping options,FAQ_Shipping_Options
tell me shipping options,FAQ_Shipping_Options
what are shipping options,FAQ_Shipping_Options
What shipping options are there?,FAQ_Shipping_Options
autobid?,FAQ_Autobid
what is autobid,FAQ_Autobid
What’s an autobid?,FAQ_Autobid
screename?,FAQ_ScreenName
screen name?,FAQ_ScreenName
What’s a screen name?,FAQ_ScreenName
I don't want to link to TradeMe,FAQ_Link_Trademe
I don't want to link to Trade Me,FAQ_Link_Trademe
What happened if I don't link to Trade Me?,FAQ_Link_Trademe
What happened if I don't link to TradeMe?,FAQ_Link_Trademe
What if I don’t link my Turners account to Trade M...,FAQ_Link_Trademe
What if I don’t link my Turners account to TradeMe...,FAQ_Link_Trademe
How do I ask a question about a good?,FAQ_Questions_Goods
where do I ask questions,FAQ_Questions_Goods
where do I ask questions about a good,FAQ_Questions_Goods
any buyer fee,FAQ_Buyer_Fee
Are there any buyers fees?,FAQ_Buyer_Fee
is there any fee?,